ID,Gender,YesNo
1,Male,No
2,Female,Yes
3,Female,No
4,Female,No
5,Female,No
6,Male,No
7,Female,No
8,Male,No
9,Male,No
10,Female,Yes
11,Male,Yes
12,Female,No
13,Female,No
14,Male,Yes
15,Male,No
16,Male,Yes
17,Male,No
18,Male,Yes
19,Male,Yes
20,Male,No
21,Male,Yes
22,Female,No
23,Female,Yes
24,Female,Yes
25,Male,No
26,Male,No
27,Male,No
28,Male,No
29,Male,No
30,Female,No
31,Female,No
32,Male,Yes
33,Female,Yes
34,Female,Yes
35,Female,No
36,Female,No
37,Male,Yes
38,Male,No
39,Female,No
40,Male,Yes
41,Female,No
42,Female,Yes
43,Female,Yes
44,Male,No
45,Female,Yes
46,Male,Yes
47,Male,No
48,Female,Yes
49,Male,No
50,Female,Yes
51,Female,No
52,Female,Yes
53,Male,No
54,Male,No
55,Male,No
56,Male,No
57,Male,Yes
58,Male,No
59,Male,No
60,Male,Yes
61,Female,No
62,Male,Yes
63,Male,No
64,Female,No
65,Male,No
66,Female,No
67,Male,No
68,Female,Yes
69,Female,Yes
70,Male,Yes
71,Male,No
72,Female,Yes
73,Female,No
74,Female,Yes
75,Male,No
76,Female,Yes
77,Male,Yes
78,Male,No
79,Male,Yes
80,Female,No
81,Female,Yes
82,Female,Yes
83,Male,Yes
84,Male,No
85,Female,No
86,Female,Yes
87,Male,Yes
88,Male,No
89,Female,No
90,Male,Yes
91,Female,Yes
92,Female,Yes
93,Female,Yes
94,Female,No
95,Female,No
96,Male,No
97,Male,Yes
98,Female,No
99,Male,Yes
100,Female,No
101,Female,Yes
102,Female,Yes
103,Male,Yes
104,Male,Yes
105,Male,No
106,Female,No
107,Female,Yes
108,Male,No
109,Female,Yes
110,Female,Yes
111,Male,Yes
112,Female,No
113,Male,No
114,Male,Yes
115,Female,Yes
116,Female,Yes
117,Male,No
118,Female,No
119,Female,No
120,Male,No
121,Female,Yes
122,Female,No
123,Female,Yes
124,Male,No
125,Female,Yes
126,Male,Yes
127,Male,No
128,Male,No
129,Female,No
130,Male,No
131,Female,No
132,Male,Yes
133,Male,Yes
134,Male,Yes
135,Male,No
136,Male,Yes
137,Female,No
138,Male,Yes
139,Male,Yes
140,Female,Yes
141,Female,No
142,Female,No
143,Female,No
144,Male,No
145,Male,Yes
146,Male,Yes
147,Male,Yes
148,Male,Yes
149,Male,No
150,Female,Yes
151,Female,Yes
152,Male,Yes
153,Male,Yes
154,Female,No
155,Female,Yes
156,Female,No
157,Female,No
158,Male,Yes
159,Male,No
160,Female,Yes
161,Male,No
162,Male,No
163,Female,Yes
164,Female,Yes
165,Male,Yes
166,Male,Yes
167,Female,No
168,Male,No
169,Male,Yes
170,Female,Yes
171,Male,Yes
172,Female,Yes
173,Female,No
174,Male,No
175,Female,No
176,Male,No
177,Male,Yes
178,Male,Yes
179,Male,Yes
180,Female,No
181,Male,No
182,Female,No
183,Male,No
184,Female,No
185,Female,Yes
186,Male,No
187,Male,Yes
188,Male,No
189,Male,Yes
190,Male,No
191,Female,No
192,Female,Yes
193,Female,No
194,Female,Yes
195,Male,No
196,Female,Yes
197,Male,No
198,Female,No
199,Male,No
200,Female,Yes
201,Female,Yes
202,Male,Yes
203,Male,No
204,Male,No
205,Female,Yes
206,Female,Yes
207,Female,Yes
208,Male,Yes
209,Male,No
210,Female,Yes
211,Female,Yes
212,Male,Yes
213,Male,No
214,Male,Yes
215,Female,Yes
216,Male,No
217,Male,Yes
218,Male,No
219,Female,Yes
220,Female,Yes
221,Female,No
222,Female,No
223,Male,Yes
224,Female,Yes
225,Female,No
226,Male,Yes
227,Male,No
228,Female,Yes
229,Male,No
230,Male,No
231,Male,Yes
232,Male,Yes
233,Male,No
234,Male,Yes
235,Male,Yes
236,Female,No
237,Male,No
238,Male,No
239,Male,No
240,Male,Yes
241,Male,Yes
242,Female,No
243,Female,Yes
244,Female,No
245,Male,No
246,Male,Yes
247,Male,Yes
248,Male,No
249,Male,No
250,Female,No
251,Male,No
252,Female,Yes
253,Female,No
254,Female,Yes
255,Female,Yes
256,Male,Yes
257,Male,No
258,Male,Yes
259,Male,No
260,Male,Yes
261,Female,Yes
262,Female,Yes
263,Male,Yes
264,Male,No
265,Female,Yes
266,Male,Yes
267,Female,No
268,Male,No
269,Male,Yes
270,Male,Yes
271,Male,Yes
272,Male,No
273,Male,No
274,Male,No
275,Female,No
276,Male,No
277,Male,No
278,Male,No
279,Female,No
280,Male,No
281,Male,No
282,Male,No
283,Female,No
284,Male,Yes
285,Male,No
286,Male,Yes
287,Female,Yes
288,Male,Yes
289,Male,Yes
290,Male,Yes
291,Female,No
292,Female,Yes
293,Female,Yes
294,Male,Yes
295,Female,No
296,Female,Yes
297,Female,Yes
298,Male,No
299,Male,No
300,Male,No
301,Male,No
302,Male,Yes
303,Male,No
304,Female,No
305,Female,Yes
306,Male,No
307,Male,No
308,Male,Yes
309,Male,Yes
310,Male,No
311,Female,No
312,Female,Yes
313,Male,No
314,Male,No
315,Female,Yes
316,Female,Yes
317,Female,Yes
318,Female,No
319,Male,No
320,Female,No
321,Male,Yes
322,Female,Yes
323,Female,Yes
324,Male,Yes
325,Female,Yes
326,Male,Yes
327,Male,Yes
328,Male,Yes
329,Male,Yes
330,Female,No
331,Male,No
332,Male,No
333,Male,Yes
334,Male,Yes
335,Male,No
336,Male,No
337,Female,No
338,Female,No
339,Female,No
340,Female,Yes
341,Female,Yes
342,Male,No
343,Female,No
344,Female,No
345,Male,No
346,Male,No
347,Male,No
348,Female,Yes
349,Female,Yes
350,Male,No
351,Male,No
352,Female,Yes
353,Female,No
354,Male,Yes
355,Male,No
356,Male,No
357,Female,No
358,Male,Yes
359,Male,No
360,Female,No
361,Male,Yes
362,Male,Yes
363,Male,Yes
364,Male,No
365,Male,No
366,Female,No
367,Male,Yes
368,Female,Yes
369,Male,Yes
370,Male,No
371,Male,No
372,Male,No
373,Female,No
374,Male,No
375,Male,No
376,Male,Yes
377,Male,No
378,Male,Yes
379,Female,Yes
380,Male,No
381,Male,Yes
382,Female,No
383,Male,Yes
384,Male,No
385,Male,No
386,Female,Yes
387,Female,Yes
388,Male,No
389,Male,Yes
390,Female,Yes
391,Female,Yes
392,Male,Yes
393,Female,Yes
394,Female,No
395,Female,No
396,Female,No
397,Female,Yes
398,Male,Yes
399,Female,No
400,Female,No
401,Female,No
402,Male,No
403,Male,Yes
404,Female,Yes
405,Female,No
406,Female,No
407,Female,Yes
408,Female,No
409,Male,Yes
410,Male,No
411,Male,No
412,Male,Yes
413,Male,Yes
414,Female,Yes
415,Female,Yes
416,Female,No
417,Female,No
418,Female,Yes
419,Female,Yes
420,Male,No
421,Female,No
422,Male,No
423,Male,Yes
424,Female,No
425,Female,No
426,Male,No
427,Male,No
428,Male,Yes
429,Male,No
430,Female,Yes
431,Male,No
432,Female,No
433,Female,No
434,Female,Yes
435,Female,Yes
436,Male,Yes
437,Male,No
438,Female,No
439,Female,Yes
440,Female,Yes
441,Female,Yes
442,Male,No
443,Male,Yes
444,Male,No
445,Male,No
446,Male,No
447,Male,No
448,Female,Yes
449,Male,No
450,Female,No
